dDdnd0pHPFRlYW0gSUREdEhFNCZg,Pj9zVCEwdzUzNDlUNHZpUiU=,VlltQmN2Qk9TaDlmJEMjXQ==,IUA4MTolWERhcndpbkZCQklZTCc=
Iyp2U3orQkZvciBtYXplMDAuanBnfG9xd08jfg==,QXswJSpUQDEwME9oPF80L1U=
MEJrMnM1ZjdcX1ssQT5p,XnBfJypvNzM7Pjw3IXlz,c0Q5SDVZRjEwdm1FZml9Pg==,KEd3RHtOaTEwKn1McncydA==,Q2VtTHgsQTZQRVMiUCo3,Jm0zfVg5UjMtQCdDazB3,bUhoIW8pOjEwXnRjPDdBJg==,LCJEQEk3bDZscTBfPVR5,KzgxOkQmPzNsPmp2QlBY,cFg4bDI2dDZwRlE1PGE8
KyZmQzdGdTFJKypzdXwq,JlV1dDd5KDEyflp9O0NlLA==,LENhUlcxLzN5c3NKX2Em,QXlyM0RdZDEwOjx4dEphTg==,ZXxwYzVbKjEybzUvJUZcZw==,cl41QyNnXjVFMFpkQmRi,N1dKRC9JVzdZLFN3XEtF,dzF6fEllMTlfa19OLlQ/,MCFsRm0/eTEyfDRAaFo9cA==,UFs3ZVk+czVRJzM5cSg1
RiQ/bT4rMTF5JEE1QntS,ZFE1Zl4xRzE0UydZTlo+Ww==,c3RST0VSPDkna0s/NHh8,SyMwNDpqNjZZL1cjPFl6,K0dfY3VyMjdGbGlUK0Vq,V3tGQnk3XDUsKyhHLHlJ,eVJXZDYhfjl4SGlrS09W,WGYoZi44XzEwQUQ5VSI9Rw==,PD1TeUUsMDYybENdM34/,WmdnQnxmYTVnPmJxen4o
KWBEMCs5PDUqK3MlPitq,M1J6Rk8pYTN8IW1td2xu,JklmTyVSVjZrfH1LUyxX,ZFRTYnwsOjVuRzohRDkj,d2BiOj0naTU3WncnRDJi,aEpNfEpqZzl7S282VzJO,MFthdTh1OTZ+SVUpfDNU,aFtMYnJiOTNNZikhajpm,cTpyKyJWfDEybURDRHFoVg==,WyJRWGtoODUjbHJ0cW9l
P1tKN3FhPTU0U3QtT0Uv,PzNeSCtcIzVJSSpOeFQi,RSZZbjJTRDlfMkNOfHRp,T0doa0Z3aTEyUElXNXlGTA==,Sk5OY005NDFOMT9tdzAl,Mnp6UHldNTE0Zz41I1J+cQ==,RFEqKCUxLTlZQ2JmUCJB,OUF6WjVDSzRtPzghUlIv,OTZpXl5OVjNdfXpML2g1,PVx+OydFfDRtcFV0ZGIk
VD9gNC1kRzVqViVRIX1Y,Xn0pZnxjJDlgOkU/bjJH,ezFOWl5IdzZdNC9rNj9z,blx2Mz5yYzdJSkk/WmUz,JD9LQVdOSTEtJ0BVe11q,LCEwR19rUjEwe1Y0KWYxdA==,JGx6JypBNzEwZlkxTT1YdQ==,Qms9WWBRejEyOHkuZSptYg==,LU59X0s7XzVzI3JAQkB7,cn1Pc2E9bTEzVkBqcXx5Nw==
Rmw2fipcdzk1TXteQ0dS,fXRyJHtQYTYpeFN8VX1E,LmhpcWpvQDU0JTg/eT80,dW9uLXB8RzF9RnM4a2sq,KkAjZywiNDgwb0AoLF18,JyVQI0kxfDEweW1AU3k2bw==,TWEiTnQiQTEwRSZUXTMraQ==,Mjc9blBSezE0LmN2QV82Xg==,QDtUfVU8WDltSS51YS9k,ckkxYjUwUTZYWWxkWzsv
emNQXGgybzdseExXbH4m,fEgydTtcZjVOR0U2YTpT,Y2llI0wlQTUjcjhidGtJ,OCYzUHJgazlpTlFKQiM3,L2VzTnFNazY9InIjSEZ7,UzxUWSckYjMkVSd2P1ZD,QC5VXiYvXzZ1LzNyNVwi,TyhQa1BhSDN9P2U1a2FP,bnZtK20ycjZGbnMkdzs5,b0lZJEFucTVWPmshaS99
STByOmNkfTVJOSxkKjEu,cDQvVWhbZTUiXCYhJDJc,LFo8T2svYDkuPF1MK0RY,UVxpLS9yQzE0YEZed1hcZA==,QT4hRVFnZDEzKDNCJDUzIQ==,S3JRMmpBZDUmZiIzMV54,XCIzKyhfWjloUEdHTlNa,ajRRTD59TTEyO24/WUtPMA==,RFF1X2BTMzV0fUwlZUp7,RCxfQShSdDVLSU5DV3lf
LmMiKmM/dDlmLCktNEJQ,ZjJuZ0pvNDh8WmQsc0JQ,WXIxOGZRVTEwZ00lXnI8QQ==,T2lzMCwmYDEweCp5NCVaPA==,XldcXzY8SjEwbHhzXWktQg==,P3hvOy5WKjEyJVc7ciJRdQ==,V3orYkdQXDExdmp+K0V6IQ==,TU5fLkZyTzEwTWB7RmtTMQ==,a3g5XDxnOThOQXpoKCEj,U0s/dnxlPDEybDhcImAqOg==
Z0xxRUd6aEZvciBtYXplMDEuanBnfnJyKH41LA==,Mmd4UzhOSzk4T3dqbTVkTQ==
SD8xcH1+ZjdKSWZxSihJ,UWxBYXhXTzExbTlcKlthKA==,bkxELS0sQzJMZERxWmpq,PGFMKUNnMDJLKHI5flBG,flJEK3ZSLjYuclNvd0Eh,X1VJKj0lWjcsRiJFU21G,XzB4SlJnfTM+TGd4LXs4,VHlnKkxVZzE0ZjtwUTdwKQ==,XWZ0YV49aDdfZVs/LkJc,ZVg9fkFMRDd5Nj93dllY
RFxGZThFPjkkRSReejki,MzxxXmd4azEwZT9gR1k8Iw==,aVwyOSdhQTR8Z2ohbTAx,S08+ViE4WTEzczk7XSVBJw==,LStZNj4vPjEzO0s2UkUiew==,VXE5bk4pKjk2Yjc1cFt+,QndiYERGPjBncn0zUCJX,LzRZLnluZDEwdUNyaTVWLw==,LnxWTXswWTBjfnBuV3tS,JE4pQ29JXzRBRWMpaVVk
KFZaYU9cSDMwU11ec2kt,Zis6J283NTE0VTJCfEVDZw==,KnBOOipCTDEpdEVuJVZ+,ZXN5TmNJbjJ0d1lDOHNc,ZCQ6Uk1oQzE0eW55SjU7Wg==,YXJ4LURWVzExcyJFaDFxeA==,KV5fYVZ2ODA3ZilXRHVv,dnNpZThlZzE0PXc/ZTUqMw==,I09OJGdiTjEzL0szalZ2ew==,I1NJZl8/VjEzays9QVJ7PA==
aUpvOV1hdTF9Zz1rN2h5,QnkiKzs8djJSO1sqTyM8,PyhcTTtMZDEySF46d2dJKQ==,IkY+RDZ7PjEzQEZAWm5dbA==,IWdEeFE9KzExZG5ddHpjWw==,Sl5qKyt5JjJ3R0xgbXMu,UyNqTnJzZTEyYT1ASChkbQ==,TmFbQWpkcTcqNSdFIik0,JDJGMSRQRTdlfT10TmtA,OW1aSUtkcDdnbFsrX25P
eWZnaV1OWjUtck5SQjh5,TTM3SFhbcTEsYmttP00u,M1ZbdCRbNjE0OyNiQGRHbw==,IVd6TExbUDd8YTFiPCtT,IWIxeWlvOzN+RTduR0s9,O1pqbHhhSjgsKSpwRF9B,U14+LlFpZDEwQVVcVWJhVw==,U1o+VnMsTTgjVUFOOX5K,VDV1XFsrQThQeTJKJ1Mz,a0tIQm9fOTRVYmZQS1F3
fj8qRVJRLTVOdis4T2dl,aStFNiMpPTEzO3dhclZZJw==,dS9WdFNPTTc9JUZ2VlJY,I2J4fjwjaDFmSWJ2XSgw,USM7eyFOUTEyal9bWDo/Jw==,OkFBfGJBcTMnZDR6QF1B,WytSRzNqNzEwJ3FcdCMoSQ==,IS9ZU1ZQRzE0LGh4MzUwPw==,K1xAVm4pSjExTDkpYmRFMw==,OU5CMytyPjEyWkVZWS5OMA==
R1VcMVZmNzUtSjgnIyVg,dXo9cUxBJDdPUSpSMWtA,ajBzTF5SezE8ey1Gdzp4,Unkna1knXzhxb29xR043,UWt2WyMyazIvZ1Uvdlko,Xk9dKHBqRzhDQCMiPW9m,bW1LaUZWLzIneCQvZDY7,XEEvLnRLSjE0S3d1P3tvLQ==,U0tiZ3IpRjc7bjF3W34+,TXYpMUAhcDdBNHMnLj5n
RH5eRnNzSjlia3U+S00i,VVZtJypzPjg0bj0nfFN4,Sz87SnspZzQ8Xj54QDZd,aXVaL35qZjcrfG5jI31w,c0I3YkQqZjEzN0ImbWlgdA==,cngzfDB9Ojcnd2VpT1ho,VjFKdXMucjEzOH52RDVDPA==,J3g4eGg7NDc3akw+UiVo,LEtJeTFaYTEvWG5vZ0dl,Ll9baDIpejEySzYsSXAzJA==
N0VXLlUxNDExNFA9VkIkQg==,YlVJViNAUTZYeyJfKURS,RWZFZXh8ZjE9PnhcdmZ2,ei5ZZjB8XjgrOVxsckNg,Ql5PfjQ7fDEwIWZ4UiUqag==,Ziw6dmdJWDBBIl1hZiEn,UTN3MEclfTJbQlBtaHpe,ZX4sXXlsXDB3LCMxckZs,Q0J3ciU1SThPTXdVczRO,PH0tbGw+RTE0ITooKTRddA==
VC8kW2hxNDExTlMvcnxrew==,Qj8wanFZaDhrV3MxOyRi,bF5GaklFRTgjWyFeKXJy,NHd2aDFsPzEwKGFhS1V4Pw==,MiNBMyl9SzE0ZXhzdHsmWg==,fV8tRFlGPzEzbFZaSlc2aQ==,KFQsZ1tYYDEzaWtjYW9OaQ==,YTR3XnIvKDk4c2ZQKiM+,diF4XGV+ajEwaWhCLUx+Qg==,KCNsSHdQRjE0SHN4Rj5cKA==
SkNlUzlKPEZvciBtYXplMDIuanBnLHB8WGsiaQ==,J09aYCpAQTEwMDpzZ30wJGY=
dG11cnhTfDdcQFkvYUI6,ZX1YTDJNNTd1QilSJipb,aDNKRyUxNTExIWYtIX5vTw==,M1xYWkFJfDY1fXleJnF8,MX15OGlFSTNVIi1ebHI0,clxgfHpLTzEwTEN6blwnRg==,XyE+R1ApOTZqKyZGNWNq,cj9eSkE5NzckRClsfVJy,dSkwT08oSTN0ITJ0eyFu,fURPRkN5YTE0VH5beENeRg==
OGZGUGBSKjVGNkF6XUoi,aEU/YD1ueDVUNyRhXmV2,VFx0V0tvWTExaCFTMU1AJg==,Pz4uP3xiODhBJzA3Jnws,JzVLfnFjdTA5Ljl4Yj9F,Oz1ib1luSDE0Q3NufWM8cg==,QXhMNkNAajlcUiFBaXBs,NURRYFZUeDgkO2ZbT09M,QlUzOSdtUzBeNHMwZ0FH,d1Q6X2JbbTE0L29cYjxhOA==
XGMlRmI+JzFDSiQlTkIy,QVN9PnttQTBAZ1BnSS1r,W0dEKzg6TTEwMiQ9KCxbUg==,WUc6LSF5MTE0fn5qWDVbIw==,fWozSV92STEzUjJ0LnNMOQ==,RUdJez9IaDExdjQsSWRlNw==,Si9hS2lSSzZcRCg9YmI0,KzNybi8ycTNDXiM/T3FJ,YFF9XUNcVzhEKVVyWipq,KDBuU31JbzE0UGFCaUh1Zw==
P3cvKFw8ZzEzbihXVzBgXA==,OnMofCxaZzU+fG0pYCIq,ITR0NzVNPDExdyt1eHNvVA==,PUttZ11UfDI3IkY4NW1C,OUl+S1pvbjE0WHNANX1cRQ==,XEJbUyhGRDMock5aWDIy,VmtzIkEtNThSXWg9QSY6,LUJ0eTdmKDBGXWBqb240,aHJlOTJaeDEwbTlCXUwsaA==,aCJYcV4meTZBayU1XnE6
eVwrZGJeajNhels1ay9L,SGwqUEtuVzBnfkg7RC92,eW45IX1QJTIvNyFfLldD,U1swLm5TSjhnZF4idm58,UXxMRz9jXjI/cCdwc3Rk,QXReSDlgRzEyaihyeT8jLA==,NVV6R1h5bTExI1JlZSg+bw==,LUUnJm9VSjBwKyQvWyN3,MkJ6Yz5CbDE0bkd2aEglaA==,c20oX2wxSTEzajN7dnxgLw==
dHFYRjBwdzUhc0NPMjJZ,V0RTOlFhVTUzJSxXYFRP,dz9RPFBhJjUtTVNNUVRk,Mn4+ayo2dzExcVQ+JVZKJg==,WENDP3pmPDhTSCchOSh+,JDZqbC46djE0cTJidmdtNA==,PVVaaWokXzExKFZQWj5FIg==,VjZWYEw5fDRje0YrfXdz,dzlVdygpdTNGbz9Qb3wx,bG4yXG9QfTE0WjF1VXdmag==
LnpLYFhOXjUsS2YvMU9h,YEw7Z21EXjU4W2hiI3B1,R3k5XFBdRzU6Sm1MdCVb,O0dEKGp3RDExIm57enY2PQ==,RnUmLkBXXzEwfC41K3doQg==,LiJuSj1BLzJJZXM/Vjt4,WTRGR0YtITI4IzRBJXQl,fSspSz9eIThJVik6ajtS,JExsOV9CazhIT2MjZTBQ,XEJuPC95TDZmamsuNk5V
aj8mXjNhJTV0YnM6fVVf,SVFtOjFFIjEzSEIlbTxcdQ==,Lzw6biQyZjFZQTs/Z11H,JGFwRmJ6VzZWL3hsQS9a,SD9rNnFHZjExcE5FU0Yvcw==,c1c2fmwiKzEyWnspM09yZA==,NTNCM10wOjF6dG1sR09b,J21xayEmcTZkUFwwTkNx,e3p7eVdDUzN8Q1cjYmRX,ZDsmUjZSaDEyLFIyXG49WA==
el5pejomdjFzMGVLQFZz,VTJCWWBKSTZkdTkmUW81,TDc7PFx1KTEzdW5JTi1PSQ==,I2RZMmN1IzV8TFpfZE8s,RUIlRDJ4RjMzT3hFe3pf,Q0k4I0o2XDEwYXh3S0BFJg==,eW9VaiJrZjRGQH0uSHsk,JFFZLjVZaTVtdlJIXSY/,ITNHJCFCRzFwJVBIQ3I5,NCQ+S0NSJTZ6Y0BvVVpF
Pj5iQSs8cDEzRkZiPjZDbg==,SGU5c2B5PzlrdWk5M3tD,MzlcRV5OQTE0cH5BL2VLbQ==,JXJ4cF1xKTEzI0xQLHNudg==,WiwmWllmUjEzbDBDRUdCQQ==,aFlXJUc6cDExJylOPHpoOA==,a3hJYzMxTjEySSZgSVw1MA==,PEhHVWgyRTEzVWlyeyQ9UA==,bWY4aGpceTEzeG1tSF8iNg==,ZEQ9J1VuezEzZzlEMHk7OA==
STlRSngjbEZvciBtYXplMDMuanBnT0teVmE7aQ==,bUxRV2tPODEwMHtBT1U1bDQ=
VVJpTU49ZDdBPj83XUI6,ZnhbUyE1SjExOXQxPERCRQ==,Zz5UZF95RjIoTDRYeDk6,bVF4NFFmXDE0WHI1cFJeUQ==,e2ZsJkwhdTNFKTZkcWsl,XWYsOUJQQDE0T19beVMlNA==,SERWfW4mLzM9JSNTWk9R,NWF+V2ZpQTJWSkBhUCZI,bHo7OnQsMzImRm4hZFxh,Xj88J2pxTzZxXE9XOHI1
anRWXjFfaTUvIn19VDZw,NywpImwuUjExem0xNG83RQ==,JGFQYj1JZzB4bkxVTS8s,REJgdFBgezJYJyU1R3JX,MDxvUXtwRThiPng/LSgl,MFhuQkYudzJ1TXdhayc9,ZkF2ZGF4JTQkPlNvZDR+,VS9vZWFnMDEzWUZ9JVo4KQ==,SzdXbkhCNzEzKTBhfTQ6cQ==,aUdwJ09ALDU0cixFXlt3
UGNsK1NjQjFAZT0xIS9I,X0QyKH5vbjEwXiQlfCppVw==,YT09IXguTzEyd1RGdDFFPA==,KC5oZ15cPjEzJVduZkEzfQ==,bz5bXjY/TTExbk1mVWRgcQ==,Yy8rMSNLKzEyUCozcTA9Tg==,XD09fl5BQDl9Rix3bXVO,TnppVnZTazJNQFkzdjMk,ZSNBKlplYDE0MWFhfTAoUA==,b1s4eihHSjV9SUEjKD9C
O3xaLENwUDEzUltNTXFOfg==,clltfkxQezExTSdTJkNQcg==,bHs1an1QRDZgI1hwXXA2,Wms6WFNuKDNQPlsue25A,U0R4bmwhUTJYeEN0LzlV,eGVxe01LWDEwYmNufGxqPg==,JVZ8ail1bDEwL24nIzh+dA==,MEhqUCddITAvb0ArJVEq,IXI4djZySDE0KzloMmcsTg==,QVAlaT1bcDVoQm5fXUtc
SDRrSF8wLjNSL3sidVpu,T2FoZC08fTEwOyZLcClGYw==,LzRSd2habjhgWzZMNEEo,e2QyfFVZbzQ9VFVVZDVE,KGxYYjgyeDEzIkItXywjdw==,ODs7IW9mKTNaajdTbztd,JGc+Uy1dNDEwXXI+R1tMMg==,O3Q7MS92bDBrPkJxI2tX,OEpcSmE3RzE0P1JDLEx7NQ==,V1wnJ1JleDVDKF5EVWBB
S2BuYHlJUzEzTmFxS3JHYg==,NEVLJVYuJDExPCdyMDFjaA==,Zk5vZDZOOzEwP3AuYCVzQw==,Xmw0PllNVzQpWFNWJi05,JSdoIytgbTNTbFRHcXMx,RkhdUCwoUjEyREJgU2tGfA==,OVkrImtRYzExLGN5fnNBcA==,V3JBO0dVQDBkdUQmIUMs,emdkMHh1fjE0ZzdBZ3coXw==,ajczX1xkKTVfNDFQfVhQ
Vit1bjg9WTExSDxWOU9DWQ==,dCRbLm0nezEwLUB0JFZDWw==,dlMoQGokczIlPkJaJ3ZA,aV8yayFYZTQ1WFYvNTMn,WWtURCokOzUlR0c2KUJP,MDAmO1VuRTcxNns4W3lX,VEJOWW0xSDdHRVshNz92,P1tPIyI2NDElNy47OmZE,KUZ0YzF9TzZHXnpgOkhp,VHElOHF3UDEzSSc9TjRwRw==
SXNlaTxQPjNhVC0qJCZ3,d1dmJispcjJKTXk7IUAp,VngmQSEueDQ7ZGZ6alte,SXQqRWxudDEzdUFsMHNJYw==,RXwwbFVbYjEzeFpzXi1dQQ==,WHdtbXV9ezFsJS4nSXJk,QWh5SERNOTB5aS1hSkwt,TH58ZlVmXDQ/KS5jcD55,Ri1Fc08heDksUUpSSy9e,XCZUbmFxYjZaW05BWFJr
bl11WUI9JTEzKFp6OH5KLw==,bjQvSUhAYjVYUFIhLF4w,XCw1akQ7fjEzM3FxYmgvVw==,VFAyJl8jJDExRGtUaTpVJw==,T0gpKCtXRTEwYjtPZ0w9eQ==,XlsxYFtdTTEyUjRyV3xMNQ==,OSI5LWpccDVcJ0xmQEwj,JyV5NFExSjVjWjNfNSRw,JTklT3J2eDExXz5RdVd+eQ==,XWNsUVZCVTRJKUF4fmJi
fj5RVi1qeTExNjE1J1lXKw==,a31fYGxnUDEyVjE7ayhXRQ==,OTB7LjMvbTExTnF+LV1HbQ==,TG5zSS5NfTEwQS9MW3N4VQ==,a2taXU1jVzEwI0ZQb1Yydw==,RCYteC1cejEwdnJIey01QA==,cHRaaUwxXzEyfD1dY0FtUA==,dTBNdFA1TzEzeV83N31TOA==,UEova3FmYTExKnsybElAbw==,W3JBLTEyJzEyLjZIV1xYLQ==
QidjRzAzU0ZvciBtYXplMDQuanBnWHYvRD8vZg==,NTRbR0RBRTEwMEpyQnpFIlA=
JT06en07PTc8VS90Q3py,XTl7LDpNfTExLmg7a3szTQ==,UmAqWWliJDJFMWlwOTc6,ejBrZWh2RjEwNGJsUklpbw==,ISV3QUtncjEwbEhHcURlKQ==,aDJ2cCdUVDEweH5ON2siPw==,JnwhYHNdKDYzaztnZGli,eCIiWmJXLDN4dS9+Oycl,fCZFa1snJDE0Q2AnL1MkOQ==,ajVNWUROSzdVNzUmXDN8
OEM1MkNXPDU2MXdaQFxJ,bkVyfXZwJDdUZmt0SmAh,V0wqeltGJDEzUS9uak1zRw==,bFozWTR+YTche15yRjRD,dnteQSkzODc5Piw7c117,Tm1kbVJoNDExXi0uPWhUNA==,WGttaXAhSjBxQUslXk9b,T0AzW1ZwWTQvcjIpJzRG,aEQlL2J1OzMwImRDdVUi,KSxfKi1sfTEycWMpXDF5ag==
Wzh0TWpRUzFxP3UoXz1g,YD1CNFV1LDEyMnRPaXQ+TQ==,UXtfR3xsRzcmKlJwY1FH,J0giQjZtQDllQWQmKD0u,NCs4Lyx7LDQvYyw/W2Ao,Sz5hOjhiPDcoJS9sN1M9,ZGBQamslSTEzX1koa1kiOA==,Zlh+dT5mejV+ZlszfXB+,e1hGSWZ+PTF0SWhuPTlW,YCtOKn5rWzE0eHlSKSREMw==
fDRXSlljJTFgO1hsdFQ1,QDBKZCZLajE0cF48NllAew==,JV5TUzhcRjFgLjxOfVxU,cFErc3FNajZhaGtGLnk2,LWBRdVM2ajEiM3k6T0FH,flkpZSd5YTRTPEA+WXZN,VEReJSZxZDdPMzNeK1F8,TVEkOHBtKjVoLFNtWmZh,U316JHhPYzVnRE8+NWZN,LV1RYmFzLzdJR1NCb3ZR
QjR7NlA6VjFAbCtNWWB3,VTM/aDxYezE0LS1EU0tuIQ==,Y18zIkw5TjEzYlxdO1JkbQ==,cnJ9JEstUTVjU2RcSlJ3,ViEvJ3M7ITEzIUlLO05xPw==,QE13dXtEMjklOi0kKDch,Vk15SFY+VzA3KFsvPXx4,RWdyLE5JQTh4SV88cVlw,cWRjUi0tQjh2LXouVl57,aSIpLUF2MzEyfnlwNkx8OQ==
VjdsRVBpbDkxdnA1KFwh,ekdXRXUmazEwKSZbUyFGQg==,eHFoVmBBKDZoKSRLZGVO,JEZSPlFKKjkweE8hfFZ3,USpaW013LDEwM0VDLE5lKg==,bndoRXNhbzJ1M1Vudy0l,RVB5RlYvPDhKTFJ3S2t0,XERKWVVdfjJNKSJiJ148,djlmI1RFdDEwOEQiN1VGcw==,eThkWD9zdzE0VHVUb3InIw==
IzcmI3V1RjdBK19Qdkw3,LGFlI2s2XzNuQW1aZklR,YGd4OSY9OzQ5WzwyIjZe,UzElL2AuSzdFQ3dgV2V+,Un5pP247NTExcG5YUi5rNQ==,ZjxIdTE+LzEybX4hNU1gOw==,UU1QQ2VfUTdLd0wtdjJF,LUJIWE5pYTErbjFxV3p3,OjFPPiIoJzEwKD5WdnMwNA==,NGxscHRpODE0JWwrXWxESg==
ez9uUS5EaTlgUlMvWkNE,Oj5XYHVyeTRaZSUzLCY3,JXkjSCckbDEzSkFdJDNiKg==,dEhkPlFpfTkrbXh3NXw9,Ij0qWi90UTEwKiQ5Jkd5eQ==,fV09U2d6LjIicHswem8/,PzcoZ0UuJDghWGdqY2oh,X2lUWnVDczBaW3ouWGI/,e1tMazQ3MDJmSVZ6eiZo,eGpiR1o9LzE0PEY/RTIhMg==
TVJZQjlVcjNZP0xBaCUt,akxIIlkwITAkUFklKTtG,QXRILixSSDEwUCpmRD1NaQ==,V091Yn5tUTZbRz5OLjh6,bHdBL0BwSTExVHYkXm9uQA==,ZzxWaDNlODRhOnVrVHgz,aHk5O3wtKjExMzpkYl1OKA==,RHQpeF9TNTEyIllHRDdgIg==,ZDM+YyxSXzFlYjd+eVZN,JC1kZTokXTE0Snt8IUZuNg==
VWBCb0NiLjEzREdrQntlcw==,d2JOQW03ejEzJzNhSXxpSw==,PzVNKy0mYDExYEwqJyFxVA==,Y2dmN3k8QThnakspcSNA,TnMoe1YpJTEwP19xRVt9Ng==,WHolX30lYzh+bDUwe1o9,Nl07Wz9zSDEwSGsrJn5eJA==,dzFMfnZmRTE0JEdWYCI3bg==,M1RfQiNuQTk6Km1SLWo4,S1lOIXJZfjE0NTtuLmVDbw==
Lm9fQl1qakZvciBtYXplMDUuanBnaytGSzN5JQ==,bXAmbHc5WTEwMCwhRCkiS2c=
eEhJLVZUYjdNZGg7Yk40,LSlaPW9oYzNbY0g2P2FN,RSt0elJQVDEwSjZre1RaRQ==,eFYmYks3YTE0OU1CKDo3aw==,UWBSTmplXjNYeWNiK1Nr,S3pUbn1qQzJLXyt4d298,bEpVPDg3TjEwOEthIk9ILg==,djZiLlkkLTE0N2dHSWxCUQ==,RGY6OCFjYjExUVxlVWpkSQ==,Rj4xODMuXjZ7ay9qJjp7
VjE2MDpUSzV3UlNsXHNQ,YkovWF83WTE1eUJ8WHpB,VXt4ezBqTjE0N09JLi0jUw==,fTNeNUZPXjExanI8OG8zQA==,Xjt8TCooXDRSbnJWRl9b,OFstTXorXjlQY1YsfWlS,TmB2RC58OjY4Nz5pY1E3,anJwWGZkPjExdnMvKipTcw==,XFtzImArLjEwK0ouZ0ZaaQ==,bUBJJylHTTRsX0Y9Xncn
dCQrNlFtJDE/PXFGd2Fq,PDA+WUQyJDA3QTQ7aG5O,S28nWT96RzJ5RHJodHo6,OHlYbGoyNTE0WSc0a3NHSA==,VEZ8emh7VTEzVzVtKC9ZYA==,IVlwfntOXDExOzZZdzIkVQ==,YmhTJH4qaTBMVk1cPmEp,anU1aHdQcDE0QnlfcD8yIw==,PzNuI0ZuaTNyWyQwVWgx,Pi9ieXsiYTEyXmMvfUR8QA==
LWJJc3V5VzVMNDJAZVUx,b0x8OyhdKzEzUEl8SVZmSQ==,Vk5fdkZvVjlHKXdzTXI9,TXV5Mj0rLjI6ViNQSmw8,JiV7KDpeNjEwcj0zXHUpVA==,b2VueUB3KjEwWmc0KmElXA==,X1JEaGooNDRfKkNpLnV2,VHBUNCc5fjchQ3RBJG5v,XT9ZYHlLODVvJG9+NjhK,e0Z7JUApTDcwYWAleXp+
OzBiaEdpJDlEWmEiWWos,TCJafT9NLTE0TUAtYT9LSA==,X2A+ZEc4XDExNWloW0xPZw==,ZWJFNT9+ZTEyYkU3USVKbg==,TVxQbCJWLzNbLSg1Y01w,SztjbWk9cjEwekxQT2pIaA==,eVdFPXlXJDhyMVJMbj5Q,WTByI1cucjBQNV1GJitt,WURwdCFxQDhZOyg4VU5x,fU15KEBoMzEyQyhTbk1JUA==
MkYkQj5dIjExJGEjI0tvLQ==,XW5kZyg8QDYpVXpNTXRD,KCNYXF1JeTExXD42eGRifQ==,K2cqUF1VPzEwOTg1dXNqZQ==,dDNpJUR2UzEyd29kODl4Qg==,ZHRAJj1pPDdoM2lQXmNC,KkhfMW06STExbHRQTl5KSA==,OlBnXStAdjQ+TTA/WXEt,XVg4T0RVWzNfJFdmOS1p,a3FXW0k+JTE0LnRNYjcpYw==
VidCcXJnYDExbEJVLHVJPw==,NU93a3ZKeDBnUjpcTmsw,WndgI001KTEwUnpGUEkkJg==,K1tvc2JMfTEwbUFJdC8tcA==,P0w4Sks8cTZPVVVybyp4,cmp3QS87UzFdK0VdMld5,OiNmOnt1ejIjcDNOKmY0,LXFuPXt2WzA7eihtXT9e,bVtTTnxJRDBaWHtXZFs2,LCRjV0sifjE0I2hVPip1Yw==
M25dPldBUjExdkY/J0trLQ==,cWk5ZHxtQTEyfGFRQHM/Ng==,LFVnYykpJjExXE5FPFBeKw==,USVEMjldbTJBRFA1QFYp,P0oxTCltdDBNcCJdOF1i,Z3wjcTwiQDQnVjNsPGMr,OEJedzJZOjVyS057a3Uw,aTNPI1VBWjEzMno9TCQreg==,ZGY+TihBRTluWFc3bGJb,InA1NixgXTYxVSFrQ1Ir
MSEsLj1nQDExQGkuP2sldQ==,RyZfIj5SbzEwd3xWZlFONA==,LTA4N2QiSDJNQFRNYzBY,ODZeUygqLTQxSTdWPXNg,WCxXQjQkKjEzd1l1PHMpfg==,SXM/VixycTVBOTh6bS9D,WEsnNURSXjE1UCJ+cnsk,a0VDdUk6PjJbTksxV0Np,Ki9Bcj0iXjZFPj8wWlBT,LlpcfFdVWjVnc3RnJ0F1
UmZ5WEgpLzExPHhCPFR7XQ==,QClJMFhlQTEwW3dWKTo1UQ==,aV1JSFV1TjEyKCQscFwxcw==,LiJGQ0VsWjEzTUFaR20/MA==,djhHSyNKXzExSGhNZXZuUA==,Q0M0L1s3KTEyJEY7RS1hfQ==,Qkw5WU0/VDEzV1dlNjtdbg==,OTBkYCZ+UDEzM2F6Un0lLw==,OnZYSjF+djEzKDtTM3shdw==,a0ZucHEsUTEzJHdvVj5oRw==
QipiI1pKZEZvciBtYXplMDYuanBnZ2NpJmMycQ==,T19XMGs3WTk2LTRISDtLcQ==
XVg1eTpCaTc2eFdqbCdc,TylnP0trUDM6cyxvJm9j,dl5kRl0uTTZ1NyFJN0x6,NHVhJl00UTNKQmQ8bzFE,ciwqOSVPUTZKQH19dlEm,R2wjO3ZCTzN7LkAlM0lt,UzcwXSdKXzEwblNCLkJWQA==,VihoTzFhaTJhNWJBMlcn,YT86Y0NWITEwOHl4MGU4PQ==,QD0weks2VDYkO1hKSVBe
bThxPzYnOjF6dGElaTNw,Jm9ZemVmNDEyRTdrSChhQQ==,XmlSIUFMejlqe1UmPnc7,SkInOFVGYjEyQHRvODEtVg==,J2lGe0ItdDktcWRpcGV0,TDRkLGZ+QjEyKFV6SiJbMA==,WFx5Kkk/WDM1a3xVTWRp,akJlOF9SOzEyTT9WYz43fQ==,YURRP3k7NjcsbDB6MlFb,K0NlOXVLXDV1PHhROE1o
Qko4W0AkdzlaT0xkUFx5,XEBXVUg9ZTEwJ2wiNXhpNg==,cHkodGdlPzEwZDJ3JUZecA==,I3oiSnhZSDY0PV5IOXxq,KTUyPVZhKjdoTjRZTi1n,RUhkYmVWOTNnKkNXenRp,OW89TjIoIjEyQDhcR1BAaA==,fH1UKi1VRDExNmNSUGp+VA==,e0h6e2BpcDRKfCdxdD0z,YFBFMUBHYzUjZSdeKGcu
ZkMkSW42MDMqfGQveHdI,bipxR2E5LjZeXjwhUDwx,bidsIVEoODN1WXxDKH0x,fThRPVhaUDEyVXRZaidAVQ==,dlozenA+JzVYaUg+ajVB,dzchVVtMRTl9QWpLcEkr,Pn5CWEh1cDEwJnpecTI1WQ==,Jm9INCU5cDZlclgqYlg2,UT1JNUpYWDUvX2VaYWMw,d1l5TzwqRzVDZS9rL1El
VyU+IzFSfTVAdFxqJTFP,KEVpdGthRzkpdlYxd1w8,NVxeRnVfJTgoNkRwRV9N,OEchPm0xMTE0bSRrMHRhSA==,RCdZOHhVUTE7fkwzSmlR,P2N4bTw+OjJIL0BiTHd6,ViFheGh8dTE0O3BNaXAoYQ==,ViRMUWpqYzVSSHBIM01V,bFtHa2QpejEsT285WTI0,ZH1zM1kkIjEyME9cYHs6Lg==
Pn18QVJzJDVTIVtNZCN6,UWxJP09+KDExcid9TDBmag==,QzY5eEkocTJnTltxbl54,IkM7dClRVjJqbChkfEVU,PmBYV2E6fDEyPDhAMiRVSw==,P34vQmEjeTVqJkd5WUIp,dzdBeHlWUTNISSNRTD4/,ajIyamU8TTEyMi97bmVyeg==,TidfNi1NYDUxZFY0bGQ5,V1UpVjZHPzd7X0ZDND9q
YGAkL2Z9TDlnV0dzITRu,IylTaVdfMjZmZihdd2o0,Pnp9QzdrMTVHQDYwZGpT,cS81UUQqJDUvIS92YF18,Z2I4dSszbjExc1oqJHhxZQ==,cmFiOmEsSDRiM0o9Zy87,O09ARDtYQTkrTEw+KVY5,RWFGLXxIMzZ7RURqSElg,bjpJfStfQDlOcjRkTz8u,RDAxfU5aaDQnPXdgJWRX
Q2h9R2dWKzNRZVpHW0py,blBmUCF7bTEyVnQ8PltsKw==,KTB6RiVWZTEzZkIyKlcuVA==,KiNseGgkTTlAZFVjIStX,OzslKihmNjYkOGxbeFti,YCFLaEBtODk1UipnPHI9,ZFgwREpJSTZoQ3RPezM+,QSEuR0lwaTUsVj9JNkdm,dlRJfHF0MTdxSnFvPmZw,PVFXRC4+czVSY1N4VSlk
JC84XTQrLTVkVHQkTmBt,eCs7VzBIWTNMW2JMSERJ,VUovWVQ4bTEwaz09XV5TJg==,KFFqJE5PNDZ4N0R2TFxm,Lksmc1pRNjVWL007U2ZU,bnwmR10oZzExdzhsfW9dMg==,OVI1amssZjEyNyM1WEhQLQ==,XmMqYHxwKjV3cCx2ci5v,MndtMUIwLTVYezVmczl5,LSIkPGdbJzU+WyxKJSFk
N1w/Mz9bZjlWYisrLiEl,Wj9PKTl6PTEySFQ0czs+eg==,YzRlfnVjIjExUmJfTnVxZg==,I31qNlE3azhpbkxZZ3Bz,YmZ2Q3d3VzEySCpGXz9oPg==,cWYxWShUODExQCMpIXJwdw==,UF44OSlxYzEwMjNUfik5XQ==,TTx1JT9+MDEyNCM+SltqaQ==,fTguQWA/ejlyRkEvfWAl,USRYdWYmKzEyenFiPnNcSA==
LChxQnZKfkZvciBtYXplMDcuanBnSyJ2Nz1efg==,VlErI3t2ODk4PVAtaW55Xg==
ZzZAKzdQbzM8MlsySzcw,W3ZiWFVMbjE0dCE4YS09Zg==,YVUsWVRGOjMiXHliM0lR,a1EsKl4tSTEwISooWTFjfQ==,IllYYzd2RTEwLHgpLiowKg==,bi4yeEw0MjEwTmRhMldwcA==,OldWKTBGXjEwSEVQX15WUw==,a01HXmdnKTJ8aHkwdHYz,On0pd3YpZjEwbUMyLkMnbw==,c0NwaFhPQzY0JVkiSDJB
dltbUHFubjVDSlE+UklW,VSNnRDBHVTMwc2lKRlxD,SnZFcG47XjEyTSlrSmFKQQ==,Tj49XWpMTDExZ2B0UVYvNA==,e1tLbFxfITZXR25uQ14l,LSZYU145YTN4VTBJO3J4,NEh7UF00UzYnT0NlV3FR,Y0tpYzhTfTEzfXwpTkJmcw==,ZzMyODlvODNBVlFTdiRe,N1xGI3ciWzRwQjJqeHRB
YXd0aDYlajV4dmloKHg7,N351cUQqfTlAV2BwS1BW,SkY4I3ckQDItSm8ofDQo,O00hX1draDEwNF8nd21Pag==,NCQiUUFpazEyVz0jXkgrUg==,Rlx6TyU2KjU4ayQuaXto,MzVYS0NEZzlaVFVwLDtl,KG5qKT9cTDYzbF9EJE00,USNlRGowXjUqN2I4YXIz,e3ciTmRTLzEzajA6YChCaA==
LGdbeXEvMDE2e1hcO259,MXdxbnNZcjE0U0VWeDRrRg==,MTh4Q2xscjVnM2xZZW4y,VWRrPW58TjMtK2UjLn57,ZiMyW1lJPTZHT0FETDVO,TD48R0IkaDlwclkseXZ2,MzJjLXcuRzZvM0NyKn1X,YGEnLGpNXTUtOElxYXph,ekYhL15AIzk+MjtkVXtM,ISJoeHtuQDZucCVBJVI0
eDMyIVdCMDkuL2ZNOVoi,NWYhNjZ0ZjEwKWpuQ3N7fg==,bygoUVB3bTEyQGt0KTxpLQ==,eFJLbnlIQDVfU1p3NVo5,IjdpMjsiJTkiPHVrODYz,PWlddkRUTzEwVkMjW3NlPg==,Q1pqL3BkbTEyRUsvXlN3Wg==,Jlk0fGVXPjVreW4wZVss,fW0oTTRGOzNlVnh6Pnpv,fVc1S2cnLDEyOn43SGF6XA==
O3gzLGpNTzM+eFo2VnAm,UHF2NUJISDEwbDRyYFZZMg==,VVZ1Kmt2RDZvXWp5Szhr,eVBnXFwmWDUhXCE2RiNu,PWAmbUpWRDcmZFQsQzpz,anxcKGYqPTMjNmM/Ni4+,aDEoUjpeVzEwOFZ+YCRXWA==,TFF8MmE7MzEyJXtsaXFDWA==,LXhjUXwkODkibmlLPHpN,Ui4sbm0rJjZWRn5yMmAs
bU1EXHpcajVaVE4jbH51,W1tHQio+bzExIz9eaGE/Iw==,OGRNSkFBRTgsXkAqPWBy,MDxVUT1NRDEycVleQGR5cw==,Vm5EfW9+bTV5eWRVOWNZ,RydWdihccDVnQHlIImJ4,K1paWVFgJzMoQihqYS5S,OCtMJytCKjZGO2RmVWpt,YEAoT3Q6ZTM6NTphdlpk,Ol5jNmp8YTEyVzdGeGpALA==
a3hvN0hkSTUjUWp6JUpQ,YyM7VDArOTcpNGxyUnkx,Zm5mV1J6UDNkfDg3VV8z,bGQoNHZ4cjEwIi1razE5KA==,fnJxaE5tczRhU28iKG9Z,V288OFIvPzVJdCkkRF8r,fWFcblspTDUpIVE9ZFcw,Yy5vIlZyVzV+Vy1pU1JI,TmMuLDRFWDltJTg8PD5H,Wlt4LCNuKTZLREUhIkg9
NVc7RSEkWjUnJ3NsJUVm,JlIhPDN+STVuelQhcT1W,PVo7eFtjejknKCQoenk/,RTVsZ15iajZZX1ZQdnYr,PFJsKWcuUzUpZVZKUnJn,c09xbVhpQzk2P29cM3An,YnQyNiwoYTEydTlKOCtkIQ==,L01PWGlUUTl7dE58R3F1,NjxpSm4pMTZmcGpRYHFL,J3VhWX4hbjVFamhHNUFA
JWhKL0NTIzlZVCNpTGMr,aV9SZnFdXjEyezBRO2hmKw==,S2YnRF9SXTExWCo5O1VtQQ==,bkR1QDYsTjEyIV1MLmw5JA==,RDZfO2VxVjk6IV53NmhC,fXtQRUlbJTEwZ2ZCfV9TKw==,UkBbaiNfYDEwSWFOfVglaA==,bilkfDcjUDEwfmpHcl1NVg==,VCc4PVZzYjhCWiVeRD5q,SFctRG4rVTEyVVJAay5bdQ==
W3ZKVllGOUZvciBtYXplMDguanBnWU9xdUVCTQ==,JF8jQmJAMTEwMGRnIVlIOHc=
JF5EVTJ6RjNwSlhkQX06,fHp7OyIkITItLW8ncCsx,bV4naH5rJzEwZzVhPXhicg==,O181XT41ZjEwUlZBKC4oLw==,XVs9WHE5KzEwTEZKJiwoSQ==,WFY2QmNBVTEwZTZbZHZzbw==,aVhJNDo0XjZuZy1ULmNW,NWJJU1lmaDExQyouXzQ9Vw==,U1I3Tj5eKzJ9XHpkTVA3,VF8laiJZLzY8ZVdGI2BP
Sn5CTW1yJDVHJHxbcVdj,LS14dTF9SDVVNTF8fURE,dF55RyNWcjNpOiZXZ1FY,fWxVQTxMczEwQGgpTU9yZg==,Zj4/JGlFITEwRSVCSHp7Tg==,bDQyZEdZWzZybmI1NjpA,cFcpXUpmPDlGSTxYOkxM,aHZ0emlGLjYjNmMhMF45,UF5gN3RIfDEzfWgyd2ZvUQ==,ODMmTmlHKDVmOktvKmo7
Mjp8WldkRjVmWHY9U2Bo,e1InU0VwNjkjJz4yJjs0,LlMzQyYscDhZcUZfTXY8,KWh3V2xNQDEwJ1tJSG5fIQ==,akZsfHkoLTE0QVB1fjMhUw==,Ti9PflhnSTVCLk5+PChe,Qi1VTyRbWDNETD5udjsu,YnhWbz41TjhYRXVkSFJc,e31TcSZeMDEwYSI5YXxQZw==,cTlaeiZ5SzQqLVssLiFy
QjlHUyReQzVNRVN2T0g+,VWRHSz5WODMlZ2g1bX42,QDJaSCJ7MjZxMycqOH5o,VCpYPnBGXzNzPnVFUF87,SkZmIk15dTEwbUJsbT9gNw==,bEQ7U0RYbDEyQXEvWDJ4KQ==,PyNTeCMrWDEzRWtIU3BxVA==,cE5DbCV+SzMsVTE+fDlR,blMpPi9HITZqJSV6OCM2,Mj9Kc0AxYDEzSSxTcHA1dg==
c2dqTURHRDknLC9BP35N,L1Bza0YsKzEyQVYkXlUneA==,TyZKXUJ1aDVCN0tmLyE1,LDhERz8+Zjk8eyI1QCko,TU1PNm1LejEwLWwlaFc9ZA==,cVl0OTBxRzEweWRvKGVdeA==,NTNeTXVKYzEwYmVfbTNzJw==,VXFdPERwTTEyeCM+LWdPdg==,XSRfLFR+fjl8biV7alEv,QEEteEYqMDYzckIiYzl3
M1QvYDZYWTNgTnJ+cVY5,SU4+IntXZTE0IngrIXgkOg==,KnYlO1g8OTlsKz9raWEu,aXpYT2ouPDEwVmhpM342aw==,RikwVCVNVDEwd2czfVszPg==,VC9mZ2QtRjEwVDk6Ly1DVA==,Vl0pM01KcTJidi4rK2pk,bFpwNXIrYTE0VTwxKk13cg==,LnpzYUE/LTNMeGFXM141,K0FORihDRTEyc34uV21AUQ==
QUJfXHwqdjFKSnoqV2sz,XHckWzpRdDY9LV5bOUF8,YUtVIW8kNzNacGE/dD4v,VUlGdklabTEweSdXX1hbOg==,X0haYlhkWzJwcmheWDok,OzFVKC5JMDE0WzxrVDVZdA==,VzZiLUZzdjU8YjwuJERe,fVIsNX5ubTM7XXZhQiM5,PEtQRWA9ITEyamNgXC5HIg==,XzU2fTRrVjd8RjdpM0p5
YVc9Rlo9MTU1RDtGXnhV,RFh5MD5EQDl0YTRTV3ky,KnFrMVxvLjEyMlxBMmRnbg==,XlxJdzpaWDdwOCRNb0In,Mk5cfnZedjk/eEkiRVxx,Nnw1OVwtPjEwY0soXHw0QQ==,ek12V2ZFRDEyQ3U7fnU9Pw==,ZiVPMClFWzEzYjwiTjxbdA==,dGpCb0E4RjMoJVIlOWUo,W3N1aUExejRbTERDRixQ
Sl9XQ3ZqTTl4NXcydXda,PlojbDo5cDZ2WEZeXG5s,c3ddNydnXzNgUDVmXDol,Jk9iXVtfYDQ2J0s/fU8k,Ol1Fd35qQzM1QEN1JUo4,cjUmXDhgSzEwODJaeV1ifA==,YVQ3JDd6OTEwMVx9SFR+VA==,ZktLRDkmVTZGMz0xLlg2,WExyeF1gSTEzPF5HcmJbNg==,Y0B5KVk8djUtMCw8LEg8
RFU8J2BffTExVElVTS05Kg==,PD96X0siIzgmPlxFekwv,WD5pVkxbRTEyXFdyeUgmNA==,S0ZyXSZkXjluQ3ROKyM1,Y18hb0NncTEyOCUsPGIsQQ==,eWdjflBMbTExTWVsO2U3Vg==,c3d3N1wyJjEwYm1ZfWtETA==,SW5jSFN4aDhgZlBjdFhR,PjlpNHUsaDEwbW5mcltBNQ==,S2ZpZ3NudDEyWHEmYG8hLw==
fUlHbkVIa0ZvciBtYXplMDkuanBnQW8iblptYA==,REF5PXlRZTEwMEdOeExYclc=
ekRkaHFTTzNhQHtIPy4q,W1FCUDR7XDI3eGBXXFwu,b3AyJXVdXDEwUmdPPkYhOw==,R1NvQUdwczE0Qm9APkdcQg==,amBVanleSzNRMnteQmwx,e1gyIm5mZDEwR1U4JX04Qw==,YDdALnNuVjEwVGhKYnR5WA==,cS4zWF5STjZncVFISFBB,R29aUU1xbzExN0FpbSMxOg==,VlhlaydxYDYucidwck90
Klw7fjhcSzVLcWh0TSMx,MylVY3h3XDVlPGBMdi9i,YUh+Ln5zQDExaHVkU2EkfA==,JmdgPm13QzEwSWMoJEtpcQ==,e19lLCRsKDEyKDFhJTMlVQ==,O2ItZ0JdTzNjJFp5QT9Q,InApcmFwajE0TkE0UDNmJg==,ciYwe2xSTjlhVG0ieEAw,aFNhYydWLTEwXixxbExuSQ==,d2Q+NFV7WDRZZVVJSid7
bVonYit8bzVCUC5JXzth,c2MtPCtXQjlUQCx+Jk8j,Mzk3JUd9ezZEREo1MWd8,JT8zP08zLTNzWVR7dFtP,JlU2XzM3eTEwdGBGRkcrOw==,byVveVpqNDhjPUQofll0,Oz9zMDB9OjEweT5dRmg7Uw==,eSxcMmRFTzEwbVk/Q3NVMg==,LEBTaj9rQTEwIU5zQ3xzaQ==,JlhDfShFIzEySVxUKUZOMw==
ZnJUPCxPMjVPcF0xZUZJ,TVNGM0A2NzNATDdsQGl8,eCFHS0d1bDQ0KzVqP095,dUJHcnh7MDl7d2czImVN,cnw8YEh5czYxIjtpS2Js,X2JKZVdOdjM8ciN2fT00,WEVAISh5OjJzQ2AwanZe,UVdRR0hNazEwUlxTQSpZNw==,YyteK2NgJTEwSSE6PSFAZw==,SjE1XlgvIzE0LThbNStsMA==
N2g6cEd9azVOflB2LSVh,KiRzQWwwdjU5WzB2X1RX,Kkh9WTRzTzVvL1Y3U0da,XydKPG9qNDMmQyZTRGZL,aj8/J0piPjEySn5LWnJhSQ==,LDtrRiNFezVGOSVBbSRD,YylBcTRlUzEzTHtufj5nVQ==,RkVHUVJZXDNGYmA0ITMw,M303KmloUjEwLFJdb35NYw==,YFNkWjFNNzYvJSErK0hS
bS9lVTtRSDVBNTQ4Uzx5,IWM7VTx7ejUkQ0I7TzAn,Nj4wJUElLDV3SGIzMT4y,OC1sQX4kOjVKRSwrcF52,ZyNRY3t+NDdpbHNZeVJ+,RHIvZU1fLDE6R3hycTVi,Q0czKlNpbjZ6aShuU1tb,YUBZfTFmLDUvNXFWUF56,SUk/U3InajMoeyJ7QXNM,e1JLQzg0eTQ3SjNkeC88
XH1Rfig1QzV6Yl85JiIx,dlpeMz0lWTUsR2IpJUl7,KHE8RjZwXzEzTFBhYEc9Kw==,JnNOemtieDVDfDtYYyVR,Omh1XnN+cDlRdiZ2USld,cUJOMHIoZjEyYGxCUXglIw==,czlvVDAmZTVwTzhLYGs2,dyVBMVZ2ejU4alw5YXVn,ZH5Ud0c7RzU/LEwwXGt4,b2ZPK11VWzV2YldJW3x7
ZC5UPXs8KzUzYCZUX1dT,aDg0cVptPDk5N2M/TWBV,WCxMVH1nZTYvRmcyb0xv,VSNvS0g6aDkwfVwofUpq,KFMiSS9DITYqRGhaSydO,Skg6VCtbLDNOcSQ1aldI,NSRueilMUTEyVSM8QChiJg==,JlY4RTcseTV+RC52YS9I,QHovLnQvazVhZ1d8PzVz,QDYoTmlsIzVbeTBYWUw8
TUtSNTxdKDUsfDlSQksm,RCosOj01MDdSaSxGeEE0,Vl5iWmI1bDlDQSU8MXpD,LyE6RzlsYDZ2M1p7WDc1,cictXEwqTDUnNntlJzZZ,e1tUZlhLdzkmMit5aTt5,eXM7bSU0IjEwSyNmd3BobA==,Uko2dig4VzEyIi1tWVRibw==,dlhFe2dALzVrNDlBOjRJ,Y1ZVLE9yczVoNXJRPSll
SV10YCVfSjktXUkwWFBM,JCh2IUAjZjgxX1piVDFW,fHIlO2o+LDE0ZUsrPlxKYg==,YSxeJS03TTk1OWJBNWlN,MWZzIyl0LDhvRWckOWI6,UnViI00pfTEwSV41OltZQA==,LFM0WT02YDEwN0laWzNvfQ==,L3UrZ15oczEwJmdhX3RFaQ==,NGl0ekVeQTEyNHYuME4wfg==,TDRbRn1NRzEzKzIiJEZ+Yg==
emUmaXZRMURhdGUgYW5kIFRpbWUgb2YgZXhlY3V0aW9uPV1lUTB1NQ==,fEMuaVAqdjE2LTEwLTIwMjAgMTc6MDI6NDh2RTg1PVte
